tx_id,tx_type,strategy,selected_strategy,payload_bytes,cross_border,end_to_end_latency_ms,security_score,running_mean_latency_ms
1,Transfer,adaptive,ml_optimized,239,True,224.079,82.71,224.079
2,Transfer,adaptive,static_hybrid,235,False,8.943,81.48,116.511
3,SettleCrossBorder,adaptive,ml_optimized,411,True,212.102,85.28,148.375
4,Transfer,adaptive,static_hybrid,138,False,8.336,81.95,113.365
5,Transfer,adaptive,static_hybrid,226,False,8.978,82.81,92.488
6,Transfer,adaptive,static_hybrid,201,False,8.744,81.68,78.530
7,Transfer,adaptive,classical,229,False,6.698,25.42,68.269
8,Transfer,adaptive,ml_optimized,139,True,312.571,84.21,98.807
9,Transfer,adaptive,static_hybrid,255,False,8.900,82.23,88.817
10,IssueCBDC,adaptive,static_hybrid,259,False,9.432,81.01,80.878
11,SettleCrossBorder,adaptive,ml_optimized,370,True,232.013,83.08,94.618
12,Transfer,adaptive,static_hybrid,269,False,9.483,81.32,87.523
13,Transfer,adaptive,static_hybrid,222,False,9.042,82.69,81.486
14,SettleCrossBorder,adaptive,ml_optimized,262,True,286.322,85.80,96.117
15,IssueCBDC,adaptive,static_hybrid,369,False,9.427,81.32,90.338
16,Transfer,adaptive,static_hybrid,193,False,8.519,82.21,85.224
17,Transfer,adaptive,ml_optimized,200,True,197.986,82.72,91.857
18,IssueCBDC,adaptive,static_hybrid,351,False,9.607,82.32,87.288
19,SettleCrossBorder,adaptive,ml_optimized,407,True,237.028,82.39,95.169
20,IssueCBDC,adaptive,static_hybrid,285,False,8.916,82.45,90.856
21,Transfer,adaptive,static_hybrid,315,False,8.847,81.08,86.951
22,SettleCrossBorder,adaptive,ml_optimized,409,True,257.394,80.96,94.699
23,SettleCrossBorder,adaptive,ml_optimized,344,True,182.130,83.83,98.500
24,SettleCrossBorder,adaptive,ml_optimized,341,True,175.778,83.09,101.720
25,SettleCrossBorder,adaptive,ml_optimized,420,True,255.670,81.98,107.878
26,Transfer,adaptive,static_hybrid,245,False,8.577,82.90,104.059
27,Transfer,adaptive,ml_optimized,383,True,201.131,82.65,107.654
28,Transfer,adaptive,static_hybrid,261,False,9.393,81.97,104.145
29,Transfer,adaptive,ml_optimized,239,True,241.827,85.15,108.892
30,Transfer,adaptive,static_hybrid,120,False,8.258,81.38,105.538
31,Transfer,adaptive,ml_optimized,220,True,305.975,83.44,112.003
32,IssueCBDC,adaptive,static_hybrid,287,False,9.443,83.18,108.798
33,SettleCrossBorder,adaptive,ml_optimized,417,True,250.383,84.10,113.089
34,Transfer,adaptive,static_hybrid,260,False,9.476,83.44,110.041
35,Transfer,adaptive,static_hybrid,229,False,9.023,81.32,107.155
36,Transfer,adaptive,static_hybrid,255,False,8.797,82.68,104.423
37,SettleCrossBorder,adaptive,ml_optimized,345,True,222.879,82.68,107.625
38,IssueCBDC,adaptive,static_hybrid,360,False,9.721,81.98,105.048
39,Transfer,adaptive,static_hybrid,149,False,8.681,81.65,102.577
40,Transfer,adaptive,ml_optimized,216,True,204.079,84.64,105.115
41,Transfer,adaptive,ml_optimized,278,True,262.807,82.95,108.961
42,IssueCBDC,adaptive,static_hybrid,277,False,9.131,82.97,106.584
43,SettleCrossBorder,adaptive,ml_optimized,335,True,234.098,83.16,109.549
44,Transfer,adaptive,ml_optimized,234,True,231.137,83.28,112.313
45,IssueCBDC,adaptive,static_hybrid,407,False,9.491,81.57,110.028
46,Transfer,adaptive,ml_optimized,254,True,279.925,82.90,113.721
47,SettleCrossBorder,adaptive,ml_optimized,300,True,131.274,83.97,114.095
48,SettleCrossBorder,adaptive,ml_optimized,290,True,222.403,84.52,116.351
49,Transfer,adaptive,ml_optimized,246,True,221.567,81.94,118.498
50,IssueCBDC,adaptive,static_hybrid,340,False,9.256,82.04,116.314
51,SettleCrossBorder,adaptive,ml_optimized,242,True,229.030,83.26,118.524
52,Transfer,adaptive,static_hybrid,266,False,8.868,81.80,116.415
53,IssueCBDC,adaptive,static_hybrid,310,False,9.170,83.43,114.391
54,IssueCBDC,adaptive,static_hybrid,348,False,9.450,82.55,112.448
55,SettleCrossBorder,adaptive,ml_optimized,383,True,228.868,82.46,114.565
56,Transfer,adaptive,static_hybrid,274,False,9.216,82.09,112.684
57,Transfer,adaptive,static_hybrid,276,False,9.255,83.23,110.869
58,Transfer,adaptive,static_hybrid,199,False,9.036,83.25,109.113
59,SettleCrossBorder,adaptive,ml_optimized,446,True,208.474,83.96,110.797
60,Transfer,adaptive,static_hybrid,259,False,9.103,82.41,109.102
61,SettleCrossBorder,adaptive,ml_optimized,429,True,223.479,81.85,110.977
62,SettleCrossBorder,adaptive,ml_optimized,339,True,311.862,83.27,114.218
63,IssueCBDC,adaptive,static_hybrid,424,False,10.121,83.47,112.565
64,IssueCBDC,adaptive,static_hybrid,228,False,8.819,81.52,110.944
65,Transfer,adaptive,static_hybrid,153,False,8.579,82.67,109.369
66,Transfer,adaptive,ml_optimized,226,True,250.251,83.50,111.504
67,Transfer,adaptive,static_hybrid,228,False,8.642,83.46,109.969
68,Transfer,adaptive,static_hybrid,126,False,8.049,82.06,108.470
69,Transfer,adaptive,ml_optimized,208,True,333.805,82.13,111.736
70,IssueCBDC,adaptive,static_hybrid,318,False,9.145,81.52,110.270
71,Transfer,adaptive,static_hybrid,176,False,8.350,81.65,108.835
72,Transfer,adaptive,ml_optimized,276,True,211.829,83.62,110.265
73,Transfer,adaptive,static_hybrid,239,False,8.915,81.85,108.877
74,Transfer,adaptive,static_hybrid,244,False,8.567,81.63,107.521
75,Transfer,adaptive,ml_optimized,204,True,196.633,85.95,108.709
76,Transfer,adaptive,ml_optimized,404,True,330.268,81.31,111.624
77,IssueCBDC,adaptive,static_hybrid,211,False,8.914,81.91,110.291
78,IssueCBDC,adaptive,static_hybrid,216,False,8.964,82.78,108.992
79,SettleCrossBorder,adaptive,ml_optimized,370,True,179.207,83.65,109.880
80,Transfer,adaptive,static_hybrid,166,False,8.536,82.99,108.614
81,SettleCrossBorder,adaptive,ml_optimized,350,True,163.776,83.49,109.295
82,Transfer,adaptive,ml_optimized,251,True,328.344,82.88,111.966
83,Transfer,adaptive,static_hybrid,274,False,9.467,81.30,110.731
84,Transfer,adaptive,static_hybrid,215,False,8.532,82.03,109.514
85,Transfer,adaptive,ml_optimized,183,True,186.457,84.33,110.420
86,Transfer,adaptive,ml_optimized,241,True,228.869,83.22,111.797
87,SettleCrossBorder,adaptive,ml_optimized,276,True,216.334,83.44,112.998
88,Transfer,adaptive,static_hybrid,266,False,8.898,81.77,111.815
89,SettleCrossBorder,adaptive,ml_optimized,264,True,278.297,83.87,113.686
90,IssueCBDC,adaptive,static_hybrid,318,False,9.004,81.92,112.523
91,Transfer,adaptive,static_hybrid,204,False,8.952,82.17,111.385
92,SettleCrossBorder,adaptive,ml_optimized,542,True,238.578,83.79,112.767
93,Transfer,adaptive,ml_optimized,252,True,310.319,83.57,114.892
94,Transfer,adaptive,static_hybrid,188,False,8.979,82.07,113.765
95,SettleCrossBorder,adaptive,ml_optimized,339,True,198.121,80.44,114.653
96,Transfer,adaptive,static_hybrid,183,False,9.002,81.95,113.552
97,Transfer,adaptive,static_hybrid,205,False,9.068,82.05,112.475
98,IssueCBDC,adaptive,static_hybrid,348,False,9.680,82.17,111.426
99,SettleCrossBorder,adaptive,ml_optimized,318,True,231.974,82.16,112.644
100,IssueCBDC,adaptive,static_hybrid,160,False,9.366,82.59,111.611
101,IssueCBDC,adaptive,static_hybrid,240,False,8.811,81.15,110.593
102,Transfer,adaptive,ml_optimized,306,True,269.201,83.24,112.148
103,Transfer,adaptive,ml_optimized,243,True,263.585,83.73,113.618
104,Transfer,adaptive,static_hybrid,269,False,8.912,82.48,112.612
105,IssueCBDC,adaptive,static_hybrid,283,False,9.297,82.14,111.628
106,Transfer,adaptive,static_hybrid,188,False,8.860,82.01,110.658
107,SettleCrossBorder,adaptive,ml_optimized,335,True,230.448,83.43,111.778
108,Transfer,adaptive,ml_optimized,248,True,230.153,84.16,112.874
109,IssueCBDC,adaptive,static_hybrid,372,False,10.278,81.65,111.933
110,Transfer,adaptive,static_hybrid,237,False,9.134,81.54,110.998
111,Transfer,adaptive,static_hybrid,202,False,8.980,81.23,110.079
112,IssueCBDC,adaptive,static_hybrid,403,False,9.846,81.01,109.184
113,Transfer,adaptive,static_hybrid,233,False,9.434,82.96,108.301
114,Transfer,adaptive,ml_optimized,200,True,182.629,83.83,108.953
115,IssueCBDC,adaptive,static_hybrid,376,False,9.828,82.03,108.091
116,Transfer,adaptive,ml_optimized,201,True,189.588,81.72,108.794
117,Transfer,adaptive,ml_optimized,169,True,207.387,83.78,109.637
118,SettleCrossBorder,adaptive,ml_optimized,411,True,311.485,82.81,111.347
119,IssueCBDC,adaptive,static_hybrid,325,False,9.355,82.50,110.490
120,Transfer,adaptive,ml_optimized,171,True,224.607,83.39,111.441
121,IssueCBDC,adaptive,static_hybrid,259,False,9.445,82.29,110.598
122,Transfer,adaptive,static_hybrid,153,False,8.939,83.39,109.765
123,Transfer,adaptive,ml_optimized,221,True,219.188,81.95,110.654
124,Transfer,adaptive,static_hybrid,233,False,8.571,83.45,109.831
125,SettleCrossBorder,adaptive,ml_optimized,393,True,173.445,84.41,110.340
126,Transfer,adaptive,static_hybrid,174,False,8.878,82.51,109.535
127,Transfer,adaptive,ml_optimized,260,True,257.464,81.56,110.700
128,SettleCrossBorder,adaptive,ml_optimized,279,True,231.547,83.48,111.644
129,Transfer,adaptive,static_hybrid,179,False,8.865,81.34,110.847
130,IssueCBDC,adaptive,static_hybrid,365,False,10.043,82.72,110.072
131,IssueCBDC,adaptive,static_hybrid,231,False,9.231,82.34,109.302
132,SettleCrossBorder,adaptive,ml_optimized,457,True,266.196,84.92,110.490
133,IssueCBDC,adaptive,static_hybrid,250,False,9.430,82.41,109.731
134,Transfer,adaptive,ml_optimized,154,True,202.813,82.27,110.425
135,IssueCBDC,adaptive,static_hybrid,233,False,9.058,82.67,109.674
136,IssueCBDC,adaptive,static_hybrid,263,False,9.024,82.73,108.934
137,SettleCrossBorder,adaptive,ml_optimized,303,True,250.421,84.43,109.967
138,Transfer,adaptive,static_hybrid,227,False,9.229,83.31,109.237
139,IssueCBDC,adaptive,static_hybrid,308,False,9.433,83.17,108.519
140,IssueCBDC,adaptive,static_hybrid,286,False,9.549,81.81,107.812
141,Transfer,adaptive,ml_optimized,243,True,224.119,83.69,108.637
142,SettleCrossBorder,adaptive,ml_optimized,351,True,278.620,82.63,109.834
143,IssueCBDC,adaptive,static_hybrid,265,False,9.474,81.37,109.132
144,SettleCrossBorder,adaptive,ml_optimized,367,True,219.524,81.17,109.899
145,IssueCBDC,adaptive,static_hybrid,512,False,10.888,81.17,109.216
146,Transfer,adaptive,static_hybrid,272,False,9.401,82.38,108.532
147,IssueCBDC,adaptive,static_hybrid,290,False,9.545,82.78,107.859
148,IssueCBDC,adaptive,static_hybrid,327,False,9.225,83.46,107.192
149,Transfer,adaptive,ml_optimized,213,True,171.985,81.44,107.627
150,Transfer,adaptive,static_hybrid,135,False,8.958,82.87,106.970
151,SettleCrossBorder,adaptive,ml_optimized,319,True,190.782,82.93,107.525
152,SettleCrossBorder,adaptive,ml_optimized,287,True,270.035,82.65,108.594
153,Transfer,adaptive,ml_optimized,96,True,256.653,82.99,109.561
154,SettleCrossBorder,adaptive,ml_optimized,416,True,246.433,82.64,110.450
155,Transfer,adaptive,static_hybrid,275,False,8.964,81.50,109.795
156,IssueCBDC,adaptive,static_hybrid,305,False,9.077,82.73,109.150
157,Transfer,adaptive,static_hybrid,262,False,9.383,81.05,108.514
158,IssueCBDC,adaptive,static_hybrid,234,False,9.119,81.98,107.885
159,IssueCBDC,adaptive,static_hybrid,363,False,10.435,81.80,107.272
160,Transfer,adaptive,static_hybrid,224,False,8.806,81.66,106.657
161,Transfer,adaptive,static_hybrid,200,False,8.999,82.27,106.050
162,SettleCrossBorder,adaptive,ml_optimized,257,True,135.943,83.04,106.235
163,IssueCBDC,adaptive,static_hybrid,243,False,8.755,81.52,105.637
164,IssueCBDC,adaptive,static_hybrid,306,False,9.730,81.49,105.052
165,Transfer,adaptive,ml_optimized,234,True,167.387,82.12,105.430
166,Transfer,adaptive,static_hybrid,204,False,8.926,81.08,104.849
167,SettleCrossBorder,adaptive,ml_optimized,485,True,251.372,83.49,105.726
168,SettleCrossBorder,adaptive,ml_optimized,427,True,246.501,83.92,106.564
169,IssueCBDC,adaptive,static_hybrid,239,False,9.534,82.09,105.990
170,IssueCBDC,adaptive,static_hybrid,279,False,9.931,81.90,105.425
171,Transfer,adaptive,ml_optimized,218,True,277.230,84.75,106.429
172,Transfer,adaptive,ml_optimized,307,True,195.264,84.83,106.946
173,Transfer,adaptive,ml_optimized,212,True,192.601,82.83,107.441
174,SettleCrossBorder,adaptive,ml_optimized,299,True,252.080,82.42,108.272
175,Transfer,adaptive,ml_optimized,214,True,277.552,83.76,109.240
176,Transfer,adaptive,static_hybrid,212,False,8.520,82.59,108.667
177,Transfer,adaptive,ml_optimized,197,True,212.391,82.99,109.253
178,SettleCrossBorder,adaptive,ml_optimized,336,True,168.117,82.04,109.584
179,IssueCBDC,adaptive,static_hybrid,330,False,9.959,82.68,109.027
180,IssueCBDC,adaptive,static_hybrid,371,False,10.357,81.73,108.479
181,SettleCrossBorder,adaptive,ml_optimized,273,True,184.359,81.59,108.898
182,Transfer,adaptive,static_hybrid,198,False,9.086,81.93,108.350
183,SettleCrossBorder,adaptive,ml_optimized,392,True,272.911,82.40,109.249
184,Transfer,adaptive,static_hybrid,248,False,9.204,82.98,108.706
185,Transfer,adaptive,static_hybrid,173,False,8.992,81.70,108.167
186,Transfer,adaptive,static_hybrid,263,False,9.405,82.78,107.636
187,Transfer,adaptive,ml_optimized,275,True,171.110,81.47,107.975
188,SettleCrossBorder,adaptive,ml_optimized,319,True,306.039,84.02,109.029
189,Transfer,adaptive,ml_optimized,176,True,124.041,84.57,109.108
190,Transfer,adaptive,static_hybrid,224,False,9.576,82.12,108.584
191,Transfer,adaptive,static_hybrid,194,False,9.218,81.23,108.064
192,Transfer,adaptive,static_hybrid,246,False,9.204,81.20,107.549
193,Transfer,adaptive,static_hybrid,286,False,10.098,83.23,107.044
194,Transfer,adaptive,static_hybrid,193,False,8.634,83.22,106.537
195,Transfer,adaptive,ml_optimized,225,True,261.117,80.72,107.330
196,SettleCrossBorder,adaptive,ml_optimized,433,True,208.966,83.98,107.848
197,Transfer,adaptive,static_hybrid,182,False,9.128,83.34,107.347
198,Transfer,adaptive,static_hybrid,303,False,8.954,82.76,106.850
199,Transfer,adaptive,ml_optimized,172,True,274.813,81.67,107.694
200,Transfer,adaptive,ml_optimized,218,True,226.432,84.64,108.288
201,Transfer,adaptive,static_hybrid,248,False,9.102,82.04,107.794
202,Transfer,adaptive,static_hybrid,139,False,8.572,81.69,107.303
203,SettleCrossBorder,adaptive,ml_optimized,474,True,223.295,83.69,107.874
204,SettleCrossBorder,adaptive,ml_optimized,369,True,274.958,83.27,108.694
205,Transfer,adaptive,static_hybrid,156,False,9.055,82.63,108.207
206,Transfer,adaptive,static_hybrid,202,False,9.073,82.14,107.726
207,SettleCrossBorder,adaptive,ml_optimized,349,True,231.538,81.49,108.324
208,SettleCrossBorder,adaptive,ml_optimized,404,True,234.103,82.93,108.929
209,Transfer,adaptive,static_hybrid,184,False,9.217,81.46,108.452
210,Transfer,adaptive,static_hybrid,205,False,8.892,82.75,107.978
211,SettleCrossBorder,adaptive,ml_optimized,389,True,298.191,83.70,108.879
212,SettleCrossBorder,adaptive,ml_optimized,302,True,210.747,81.37,109.360
213,Transfer,adaptive,static_hybrid,247,False,9.604,82.99,108.892
214,SettleCrossBorder,adaptive,ml_optimized,491,True,239.428,83.45,109.502
215,IssueCBDC,adaptive,static_hybrid,295,False,9.560,81.11,109.037
216,SettleCrossBorder,adaptive,ml_optimized,481,True,250.594,84.17,109.692
217,Transfer,adaptive,static_hybrid,167,False,8.865,83.25,109.227
218,Transfer,adaptive,static_hybrid,228,False,9.525,82.85,108.770
219,Transfer,adaptive,static_hybrid,154,False,9.141,81.79,108.315
220,SettleCrossBorder,adaptive,ml_optimized,341,True,291.634,83.09,109.148
221,SettleCrossBorder,adaptive,ml_optimized,241,True,163.427,83.30,109.394
222,Transfer,adaptive,static_hybrid,177,False,9.275,81.83,108.943
223,Transfer,adaptive,static_hybrid,203,False,9.544,83.46,108.497
224,Transfer,adaptive,static_hybrid,244,False,9.451,81.46,108.055
225,Transfer,adaptive,static_hybrid,186,False,8.950,81.87,107.615
226,SettleCrossBorder,adaptive,ml_optimized,386,True,267.196,82.69,108.321
227,SettleCrossBorder,adaptive,ml_optimized,397,True,143.329,83.27,108.475
228,Transfer,adaptive,ml_optimized,331,True,324.186,82.61,109.421
229,Transfer,adaptive,static_hybrid,229,False,9.231,82.53,108.984
230,Transfer,adaptive,static_hybrid,239,False,10.109,82.41,108.554
231,Transfer,adaptive,static_hybrid,202,False,9.423,82.27,108.125
232,SettleCrossBorder,adaptive,ml_optimized,296,True,166.922,82.06,108.378
233,IssueCBDC,adaptive,static_hybrid,267,False,9.370,82.73,107.953
234,Transfer,adaptive,ml_optimized,268,True,250.009,83.18,108.560
235,Transfer,adaptive,static_hybrid,333,False,9.716,82.07,108.139
236,Transfer,adaptive,ml_optimized,175,True,213.575,83.11,108.586
237,Transfer,adaptive,static_hybrid,264,False,9.365,81.95,108.168
238,Transfer,adaptive,ml_optimized,173,True,259.901,85.55,108.805
239,SettleCrossBorder,adaptive,ml_optimized,359,True,265.241,83.79,109.460
240,Transfer,adaptive,ml_optimized,111,True,170.847,83.98,109.715
241,Transfer,adaptive,ml_optimized,156,True,193.857,85.44,110.065
242,Transfer,adaptive,static_hybrid,116,False,9.752,81.77,109.650
243,SettleCrossBorder,adaptive,ml_optimized,446,True,172.837,81.06,109.910
244,Transfer,adaptive,ml_optimized,273,True,297.187,84.70,110.678
245,Transfer,adaptive,static_hybrid,232,False,8.967,82.25,110.262
246,IssueCBDC,adaptive,static_hybrid,312,False,10.086,82.72,109.855
247,Transfer,adaptive,static_hybrid,196,False,8.944,83.21,109.447
248,Transfer,adaptive,static_hybrid,256,False,10.066,81.10,109.046
249,Transfer,adaptive,ml_optimized,244,True,194.402,84.50,109.389
250,Transfer,adaptive,static_hybrid,240,False,9.372,82.36,108.989
251,SettleCrossBorder,adaptive,ml_optimized,349,True,163.865,82.71,109.207
252,SettleCrossBorder,adaptive,ml_optimized,410,True,215.729,84.70,109.630
253,Transfer,adaptive,static_hybrid,175,False,9.127,81.89,109.233
254,Transfer,adaptive,static_hybrid,219,False,9.544,83.16,108.840
255,SettleCrossBorder,adaptive,ml_optimized,313,True,174.478,84.39,109.098
256,SettleCrossBorder,adaptive,ml_optimized,415,True,221.265,81.76,109.536
257,IssueCBDC,adaptive,static_hybrid,268,False,10.160,81.70,109.149
258,SettleCrossBorder,adaptive,ml_optimized,383,True,300.687,82.41,109.892
259,Transfer,adaptive,static_hybrid,179,False,9.103,81.92,109.502
260,IssueCBDC,adaptive,static_hybrid,340,False,10.114,82.69,109.120
261,Transfer,adaptive,ml_optimized,305,True,308.105,83.75,109.883
262,SettleCrossBorder,adaptive,ml_optimized,276,True,296.287,81.25,110.594
263,Transfer,adaptive,ml_optimized,272,True,187.780,83.22,110.888
264,Transfer,adaptive,static_hybrid,217,False,9.330,81.84,110.503
265,IssueCBDC,adaptive,static_hybrid,337,False,9.790,82.66,110.123
266,Transfer,adaptive,static_hybrid,235,False,9.300,83.19,109.744
267,Transfer,adaptive,ml_optimized,207,True,256.949,82.42,110.295
268,Transfer,adaptive,ml_optimized,198,True,163.314,82.21,110.493
269,Transfer,adaptive,ml_optimized,297,True,204.164,82.42,110.841
270,Transfer,adaptive,ml_optimized,185,True,269.451,83.73,111.429
271,SettleCrossBorder,adaptive,ml_optimized,389,True,330.720,81.20,112.238
272,Transfer,adaptive,ml_optimized,288,True,170.933,82.17,112.454
273,SettleCrossBorder,adaptive,ml_optimized,351,True,219.935,82.46,112.847
274,Transfer,adaptive,static_hybrid,223,False,9.229,83.36,112.469
275,SettleCrossBorder,adaptive,ml_optimized,348,True,207.349,82.07,112.814
276,IssueCBDC,adaptive,static_hybrid,388,False,10.339,81.57,112.443
277,IssueCBDC,adaptive,static_hybrid,359,False,10.119,82.25,112.073
278,Transfer,adaptive,ml_optimized,191,True,165.080,82.88,112.264
279,Transfer,adaptive,static_hybrid,212,False,9.352,83.36,111.895
280,Transfer,adaptive,static_hybrid,279,False,9.381,81.75,111.529
281,SettleCrossBorder,adaptive,ml_optimized,473,True,148.968,84.16,111.662
282,SettleCrossBorder,adaptive,ml_optimized,292,True,310.743,83.98,112.368
283,Transfer,adaptive,static_hybrid,155,False,8.818,82.93,112.002
284,IssueCBDC,adaptive,static_hybrid,330,False,10.160,81.36,111.644
285,SettleCrossBorder,adaptive,ml_optimized,327,True,222.539,85.53,112.033
286,Transfer,adaptive,static_hybrid,272,False,10.000,82.79,111.676
287,Transfer,adaptive,static_hybrid,185,False,9.457,82.02,111.320
288,SettleCrossBorder,adaptive,ml_optimized,386,True,267.221,81.72,111.861
289,SettleCrossBorder,adaptive,ml_optimized,289,True,304.841,85.79,112.529
290,Transfer,adaptive,static_hybrid,314,False,10.832,82.20,112.178
291,Transfer,adaptive,static_hybrid,279,False,9.869,82.41,111.827
292,Transfer,adaptive,ml_optimized,208,True,199.678,82.51,112.128
293,SettleCrossBorder,adaptive,ml_optimized,433,True,204.896,82.47,112.444
294,Transfer,adaptive,ml_optimized,219,True,248.567,82.01,112.907
295,IssueCBDC,adaptive,static_hybrid,312,False,9.966,83.42,112.558
296,Transfer,adaptive,static_hybrid,314,False,9.901,81.04,112.212
297,SettleCrossBorder,adaptive,ml_optimized,515,True,187.017,83.35,112.463
298,SettleCrossBorder,adaptive,ml_optimized,402,True,206.369,83.19,112.779
299,Transfer,adaptive,static_hybrid,230,False,9.478,82.80,112.433
300,IssueCBDC,adaptive,static_hybrid,379,False,9.979,82.80,112.092
301,IssueCBDC,adaptive,static_hybrid,240,False,9.875,81.55,111.752
302,Transfer,adaptive,static_hybrid,209,False,9.727,81.26,111.414
303,IssueCBDC,adaptive,static_hybrid,160,False,9.648,81.86,111.078
304,SettleCrossBorder,adaptive,ml_optimized,278,True,241.111,83.85,111.506
305,SettleCrossBorder,adaptive,ml_optimized,375,True,259.433,81.45,111.991
306,Transfer,adaptive,static_hybrid,203,False,9.802,83.27,111.657
307,Transfer,adaptive,static_hybrid,201,False,10.008,81.39,111.326
308,IssueCBDC,adaptive,static_hybrid,205,False,8.995,82.57,110.994
309,Transfer,adaptive,ml_optimized,255,True,221.309,82.35,111.351
310,SettleCrossBorder,adaptive,ml_optimized,360,True,188.132,85.28,111.598
311,IssueCBDC,adaptive,static_hybrid,301,False,9.721,83.42,111.271
312,SettleCrossBorder,adaptive,ml_optimized,476,True,263.240,84.12,111.758
313,IssueCBDC,adaptive,static_hybrid,237,False,9.687,82.84,111.432
314,IssueCBDC,adaptive,static_hybrid,320,False,10.121,81.29,111.109
315,Transfer,adaptive,static_hybrid,212,False,9.759,83.32,110.787
316,Transfer,adaptive,ml_optimized,217,True,244.582,82.44,111.211
317,Transfer,adaptive,static_hybrid,245,False,9.421,83.25,110.890
318,IssueCBDC,adaptive,static_hybrid,273,False,9.566,83.38,110.571
319,SettleCrossBorder,adaptive,ml_optimized,301,True,255.111,83.18,111.024
320,IssueCBDC,adaptive,static_hybrid,277,False,9.819,81.85,110.708
321,Transfer,adaptive,ml_optimized,190,True,259.013,84.59,111.170
322,SettleCrossBorder,adaptive,ml_optimized,366,True,218.004,83.58,111.502
323,SettleCrossBorder,adaptive,ml_optimized,328,True,180.555,83.67,111.715
324,Transfer,adaptive,static_hybrid,282,False,10.139,83.07,111.402
325,SettleCrossBorder,adaptive,ml_optimized,481,True,239.182,83.53,111.795
326,Transfer,adaptive,static_hybrid,206,False,9.576,82.35,111.482
327,SettleCrossBorder,adaptive,ml_optimized,460,True,186.832,83.61,111.712
328,SettleCrossBorder,adaptive,ml_optimized,445,True,208.851,83.79,112.008
329,Transfer,adaptive,ml_optimized,321,True,226.517,83.10,112.356
330,Transfer,adaptive,static_hybrid,213,False,9.466,81.76,112.044
331,SettleCrossBorder,adaptive,ml_optimized,458,True,319.231,80.69,112.670
332,Transfer,adaptive,static_hybrid,195,False,9.243,82.72,112.359
333,IssueCBDC,adaptive,static_hybrid,327,False,10.318,82.88,112.052
334,SettleCrossBorder,adaptive,ml_optimized,356,True,215.914,85.34,112.363
335,Transfer,adaptive,ml_optimized,286,True,267.261,83.92,112.826
336,Transfer,adaptive,ml_optimized,207,True,122.642,84.80,112.855
337,SettleCrossBorder,adaptive,ml_optimized,378,True,228.802,84.07,113.199
338,Transfer,adaptive,static_hybrid,223,False,9.374,81.81,112.892
339,Transfer,adaptive,ml_optimized,184,True,159.975,83.92,113.031
340,IssueCBDC,adaptive,static_hybrid,284,False,10.264,82.75,112.728
341,SettleCrossBorder,adaptive,ml_optimized,291,True,292.210,83.95,113.255
342,SettleCrossBorder,adaptive,ml_optimized,293,True,228.415,82.91,113.592
343,Transfer,adaptive,static_hybrid,275,False,9.777,81.31,113.289
344,IssueCBDC,adaptive,static_hybrid,224,False,9.810,82.66,112.988
345,Transfer,adaptive,static_hybrid,198,False,9.458,82.32,112.688
346,Transfer,adaptive,static_hybrid,194,False,10.043,83.36,112.391
347,IssueCBDC,adaptive,static_hybrid,264,False,10.134,81.71,112.097
348,Transfer,adaptive,static_hybrid,226,False,9.873,81.59,111.803
349,SettleCrossBorder,adaptive,ml_optimized,368,True,284.438,83.64,112.298
350,Transfer,adaptive,ml_optimized,198,True,194.559,80.90,112.533
351,IssueCBDC,adaptive,static_hybrid,416,False,10.388,81.68,112.242
352,Transfer,adaptive,static_hybrid,268,False,10.050,81.20,111.951
353,Transfer,adaptive,static_hybrid,177,False,9.790,83.41,111.662
354,Transfer,adaptive,static_hybrid,296,False,10.795,82.46,111.377
355,Transfer,adaptive,static_hybrid,186,False,9.754,82.83,111.091
356,IssueCBDC,adaptive,static_hybrid,290,False,9.972,83.00,110.807
357,Transfer,adaptive,static_hybrid,191,False,9.706,81.17,110.523
358,IssueCBDC,adaptive,static_hybrid,243,False,9.474,82.22,110.241
359,IssueCBDC,adaptive,static_hybrid,316,False,10.068,83.06,109.962
360,Transfer,adaptive,static_hybrid,313,False,9.871,81.84,109.684
361,Transfer,adaptive,static_hybrid,243,False,9.174,81.09,109.406
362,Transfer,adaptive,static_hybrid,218,False,9.590,81.14,109.130
363,Transfer,adaptive,static_hybrid,216,False,9.682,81.79,108.856
364,SettleCrossBorder,adaptive,ml_optimized,399,True,303.572,81.91,109.391
365,Transfer,adaptive,static_hybrid,193,False,9.063,81.75,109.116
366,Transfer,adaptive,ml_optimized,96,True,193.472,83.02,109.347
367,IssueCBDC,adaptive,static_hybrid,302,False,10.278,81.07,109.077
368,Transfer,adaptive,static_hybrid,134,False,9.019,82.38,108.805
369,Transfer,adaptive,static_hybrid,278,False,10.103,81.95,108.537
370,Transfer,adaptive,ml_optimized,232,True,171.105,84.65,108.706
371,Transfer,adaptive,static_hybrid,174,False,9.360,81.09,108.439
372,Transfer,adaptive,static_hybrid,219,False,9.734,81.97,108.173
373,SettleCrossBorder,adaptive,ml_optimized,430,True,191.302,81.46,108.396
374,Transfer,adaptive,static_hybrid,164,False,9.041,83.38,108.130
375,SettleCrossBorder,adaptive,ml_optimized,328,True,174.461,84.09,108.307
376,Transfer,adaptive,static_hybrid,226,False,9.500,81.09,108.044
377,Transfer,adaptive,ml_optimized,195,True,169.566,81.86,108.208
378,Transfer,adaptive,ml_optimized,293,True,199.759,82.81,108.450
379,Transfer,adaptive,ml_optimized,199,True,262.740,81.99,108.857
380,Transfer,adaptive,static_hybrid,208,False,9.583,81.62,108.596
381,Transfer,adaptive,ml_optimized,310,True,262.107,85.75,108.999
382,Transfer,adaptive,static_hybrid,235,False,9.678,81.84,108.739
383,Transfer,adaptive,static_hybrid,223,False,9.973,81.55,108.481
384,SettleCrossBorder,adaptive,ml_optimized,355,True,287.411,83.54,108.947
385,Transfer,adaptive,ml_optimized,187,True,213.976,83.82,109.220
386,Transfer,adaptive,ml_optimized,217,True,196.947,80.67,109.447
387,Transfer,adaptive,static_hybrid,229,False,9.367,83.33,109.188
388,Transfer,adaptive,static_hybrid,202,False,9.796,81.62,108.932
389,SettleCrossBorder,adaptive,ml_optimized,436,True,282.708,84.52,109.379
390,SettleCrossBorder,adaptive,ml_optimized,442,True,209.960,84.75,109.637
391,SettleCrossBorder,adaptive,ml_optimized,355,True,173.969,81.83,109.801
392,IssueCBDC,adaptive,static_hybrid,321,False,10.593,81.34,109.548
393,IssueCBDC,adaptive,static_hybrid,304,False,9.696,81.63,109.294
394,Transfer,adaptive,ml_optimized,193,True,241.354,83.71,109.629
395,Transfer,adaptive,static_hybrid,164,False,9.895,82.04,109.377
396,IssueCBDC,adaptive,static_hybrid,270,False,10.125,82.41,109.126
397,Transfer,adaptive,static_hybrid,107,False,9.018,83.14,108.874
398,SettleCrossBorder,adaptive,ml_optimized,353,True,247.694,85.74,109.223
399,Transfer,adaptive,static_hybrid,196,False,9.792,81.89,108.974
400,IssueCBDC,adaptive,static_hybrid,355,False,10.778,81.37,108.728
401,SettleCrossBorder,adaptive,ml_optimized,450,True,173.710,82.99,108.890
402,IssueCBDC,adaptive,static_hybrid,232,False,9.777,81.96,108.644
403,Transfer,adaptive,static_hybrid,224,False,9.600,81.65,108.398
404,SettleCrossBorder,adaptive,ml_optimized,431,True,281.733,81.80,108.827
405,Transfer,adaptive,static_hybrid,238,False,9.695,83.31,108.582
406,Transfer,adaptive,ml_optimized,167,True,188.430,82.62,108.779
407,SettleCrossBorder,adaptive,ml_optimized,461,True,208.882,82.68,109.025
408,Transfer,adaptive,static_hybrid,172,False,9.715,83.05,108.781
409,Transfer,adaptive,static_hybrid,206,False,9.428,82.58,108.538
410,Transfer,adaptive,static_hybrid,266,False,9.780,81.74,108.297
411,SettleCrossBorder,adaptive,ml_optimized,327,True,244.983,83.67,108.630
412,Transfer,adaptive,static_hybrid,169,False,9.729,81.99,108.390
413,IssueCBDC,adaptive,static_hybrid,287,False,10.197,81.71,108.152
414,Transfer,adaptive,static_hybrid,272,False,9.653,83.44,107.914
415,Transfer,adaptive,ml_optimized,222,True,218.662,82.39,108.181
416,Transfer,adaptive,ml_optimized,96,True,210.940,83.88,108.428
417,SettleCrossBorder,adaptive,ml_optimized,336,True,159.904,83.92,108.552
418,Transfer,adaptive,static_hybrid,260,False,9.922,82.45,108.316
419,IssueCBDC,adaptive,static_hybrid,345,False,9.988,82.29,108.081
420,Transfer,adaptive,static_hybrid,214,False,9.960,82.18,107.847
421,SettleCrossBorder,adaptive,ml_optimized,273,True,237.999,85.37,108.157
422,Transfer,adaptive,ml_optimized,252,True,250.021,83.29,108.493
423,IssueCBDC,adaptive,static_hybrid,271,False,10.504,81.87,108.261
424,SettleCrossBorder,adaptive,ml_optimized,309,True,191.038,82.09,108.456
425,Transfer,adaptive,static_hybrid,215,False,9.829,81.85,108.224
426,Transfer,adaptive,static_hybrid,153,False,9.557,81.73,107.993
427,SettleCrossBorder,adaptive,ml_optimized,394,True,248.672,83.98,108.322
428,IssueCBDC,adaptive,static_hybrid,272,False,9.788,81.14,108.092
429,Transfer,adaptive,static_hybrid,287,False,10.206,82.21,107.864
430,IssueCBDC,adaptive,static_hybrid,320,False,10.527,82.62,107.637
431,Transfer,adaptive,static_hybrid,275,False,10.002,82.63,107.411
432,Transfer,adaptive,static_hybrid,204,False,9.974,83.32,107.185
433,SettleCrossBorder,adaptive,ml_optimized,333,True,262.257,83.63,107.543
434,SettleCrossBorder,adaptive,ml_optimized,375,True,230.874,85.76,107.828
435,Transfer,adaptive,static_hybrid,217,False,9.599,81.42,107.602
436,IssueCBDC,adaptive,static_hybrid,383,False,10.279,81.26,107.378
437,SettleCrossBorder,adaptive,ml_optimized,238,True,183.463,85.53,107.553
438,Transfer,adaptive,static_hybrid,189,False,9.770,81.59,107.329
439,IssueCBDC,adaptive,static_hybrid,328,False,10.091,82.27,107.108
440,SettleCrossBorder,adaptive,ml_optimized,305,True,224.388,82.42,107.374
441,Transfer,adaptive,static_hybrid,221,False,10.282,82.97,107.154
442,Transfer,adaptive,static_hybrid,189,False,9.658,82.25,106.934
443,Transfer,adaptive,static_hybrid,193,False,9.665,83.25,106.714
444,Transfer,adaptive,static_hybrid,234,False,9.792,82.25,106.496
445,SettleCrossBorder,adaptive,ml_optimized,348,True,155.492,83.75,106.606
446,IssueCBDC,adaptive,static_hybrid,272,False,10.284,82.10,106.390
447,Transfer,adaptive,ml_optimized,162,True,298.363,82.55,106.819
448,Transfer,adaptive,static_hybrid,208,False,9.190,83.14,106.601
449,SettleCrossBorder,adaptive,ml_optimized,402,True,200.909,82.62,106.812
450,Transfer,adaptive,ml_optimized,182,True,206.567,82.84,107.033
451,IssueCBDC,adaptive,static_hybrid,198,False,10.232,83.08,106.819
452,IssueCBDC,adaptive,static_hybrid,329,False,10.544,82.84,106.606
453,Transfer,adaptive,static_hybrid,286,False,10.023,83.43,106.392
454,SettleCrossBorder,adaptive,ml_optimized,461,True,208.266,80.99,106.617
455,IssueCBDC,adaptive,static_hybrid,261,False,9.729,82.73,106.404
456,Transfer,adaptive,static_hybrid,312,False,9.985,81.38,106.192
457,Transfer,adaptive,ml_optimized,187,True,322.669,85.25,106.666
458,Transfer,adaptive,static_hybrid,187,False,9.340,82.84,106.454
459,Transfer,adaptive,static_hybrid,220,False,10.168,82.47,106.244
460,IssueCBDC,adaptive,static_hybrid,287,False,10.148,83.45,106.035
461,Transfer,adaptive,ml_optimized,226,True,258.557,82.78,106.366
462,Transfer,adaptive,static_hybrid,289,False,10.376,83.36,106.158
463,IssueCBDC,adaptive,static_hybrid,227,False,9.849,81.58,105.950
464,SettleCrossBorder,adaptive,ml_optimized,297,True,159.914,81.45,106.066
465,Transfer,adaptive,ml_optimized,187,True,202.719,81.53,106.274
466,SettleCrossBorder,adaptive,ml_optimized,422,True,248.391,84.46,106.579
467,SettleCrossBorder,adaptive,ml_optimized,344,True,242.066,84.31,106.869
468,IssueCBDC,adaptive,static_hybrid,318,False,9.859,81.75,106.662
469,IssueCBDC,adaptive,static_hybrid,222,False,10.272,83.02,106.456
470,Transfer,adaptive,ml_optimized,213,True,268.671,84.85,106.802
471,Transfer,adaptive,ml_optimized,246,True,274.183,85.39,107.157
472,IssueCBDC,adaptive,static_hybrid,330,False,10.217,82.90,106.952
473,Transfer,adaptive,static_hybrid,191,False,9.466,81.90,106.745
474,Transfer,adaptive,ml_optimized,202,True,239.064,83.63,107.025
475,Transfer,adaptive,static_hybrid,323,False,10.109,82.98,106.821
476,SettleCrossBorder,adaptive,ml_optimized,355,True,303.230,82.65,107.233
477,SettleCrossBorder,adaptive,ml_optimized,321,True,228.020,83.98,107.486
478,Transfer,adaptive,ml_optimized,223,True,193.632,84.43,107.667
479,Transfer,adaptive,static_hybrid,188,False,9.234,83.10,107.461
480,Transfer,adaptive,static_hybrid,228,False,9.742,81.69,107.258
481,Transfer,adaptive,ml_optimized,178,True,234.534,84.23,107.522
482,Transfer,adaptive,static_hybrid,230,False,10.133,81.45,107.320
483,Transfer,adaptive,static_hybrid,207,False,9.093,82.58,107.117
484,Transfer,adaptive,static_hybrid,209,False,10.013,83.07,106.916
485,Transfer,adaptive,static_hybrid,206,False,9.971,83.36,106.716
486,Transfer,adaptive,static_hybrid,186,False,9.205,83.47,106.516
487,Transfer,adaptive,ml_optimized,226,True,284.197,82.36,106.880
488,Transfer,adaptive,static_hybrid,237,False,9.681,82.07,106.681
489,Transfer,adaptive,ml_optimized,172,True,148.886,82.94,106.768
490,Transfer,adaptive,static_hybrid,242,False,9.964,81.82,106.570
491,Transfer,adaptive,ml_optimized,115,True,219.195,83.58,106.799
492,IssueCBDC,adaptive,static_hybrid,391,False,10.721,83.36,106.604
493,SettleCrossBorder,adaptive,ml_optimized,434,True,282.720,85.99,106.961
494,Transfer,adaptive,ml_optimized,270,True,194.907,84.63,107.139
495,Transfer,adaptive,ml_optimized,290,True,248.343,83.72,107.425
496,Transfer,adaptive,static_hybrid,203,False,9.318,82.55,107.227
497,IssueCBDC,adaptive,static_hybrid,312,False,10.354,81.18,107.032
498,Transfer,adaptive,static_hybrid,183,False,9.555,82.91,106.836
499,Transfer,adaptive,static_hybrid,284,False,9.558,82.80,106.641
500,SettleCrossBorder,adaptive,ml_optimized,318,True,218.510,84.38,106.865
